<beans xmlns="http://www.springframework.org/schema/beans"
	xmlns:xsi="http://www.w3.org/2001/XMLSchema-instance" xmlns:context="http://www.springframework.org/schema/context"
	xmlns:mvc="http://www.springframework.org/schema/mvc"
	xsi:schemaLocation="http://www.springframework.org/schema/beans http://www.springframework.org/schema/beans/spring-beans.xsd
    http://www.springframework.org/schema/context http://www.springframework.org/schema/context/spring-context.xsd
    http://www.springframework.org/schema/mvc http://www.springframework.org/schema/mvc/spring-mvc.xsd">
	<context:component-scan base-package="com.bny" />
	<mvc:annotation-driven />
	<mvc:default-servlet-handler />
	<!-- Initialization for data source -->
	<bean id="dataSource"
		class="org.springframework.jdbc.datasource.DriverManagerDataSource">
		<property name="driverClassName" value="oracle.jdbc.driver.OracleDriver" />
		<property name="url" value="jdbc:oracle:thin:@DA5AJB7WXX1.pac.bnymellon.net:1521:xe" />
		<property name="username" value="sys as sysdba" />
		<property name="password" value="oraclexe" />
	</bean>
<bean id="jdbcTemplate" class="com.bny.daoImpl.EmployeesJDBCTemplate">
		<property name="dataSource" ref="dataSource" />
	</bean>

</beans>